Address,cost_for_two,cuisins,featured_IN,hours,location,ratings,restaurantName,restaurantType
"[u' 62/1, Near Easy Day, West Shivaji Nagar, Goalpura, Shahganj']",Rs. 300,"Fast Food, Mithai",Must Visit Restaurants In Agra, 9:30am 11pm Mon Sn  ,[u'Shahganj'],"4.2-(1,066),4.2-(33.2K)",BhagatHalwai,"[u'Quick Bites,Sweet Shop']"
"[u' Kalyani Point, Near Tulsi Cinema, Bypass Road, Khandari, Agra']",Rs. 700,"North Indian, South Indian, Mithai, Street Food, Desserts, Chinese, Bakery, Pizza",-, 8:30am 10:30pm Mon Sn  ,[u'Khandari'],"4.3-(1,107),4.4-(37.1K)",Bikanervala,[u'Quick Bites']
"[u' 4-5, Ashok Cosmos Mall, Sanjay Place, Civil Lines, Agra']",Rs. 500,"Burger, Fast Food",-, 11am 9pm Mon Sn  ,[u'Civil Lines'],"4.4-(1,220),4.4-(3,443)",McDonalds,[u'Quick Bites']
"[u' Near Anjana Cinema, Nehru Nagar, Civil Lines, Agra']",Rs. 300,"Fast Food, Mithai, Chinese, South Indian, Beverages",Sweet Tooth, 8am 11pm Mon Te Th Fri Sat Sn  8am     ,[u'Civil Lines'],"4.3-(997),4.5-(25.4K)",BhagatHalwai,"[u'Quick Bites,Dessert Parlor']"
"[u' A-17, Shoping Arcade, Sadar Bazaar, Agra Cantt, Agra']",Rs. 600,"North Indian, Mughlai, Rolls, Chinese, Fast Food, Street Food",-, 12midnight 1am 12:30pm 12midnight Mon  1pm    ,[u'Agra Cantt'],"4.4-(1,566),4.2-(25.5K)",MamaChickenMamaFrankyHouse,[u'Quick Bites']
"[u' 114/23 G, Deep Shikha Complex, Sanjay Place, Civil Lines, Agra']",Rs. 400,"Pizza, Fast Food",-, 10:57am 11pm Mon Sn  ,[u'Civil Lines'],"4.2-(859),4.4-(6,377)",DominosPizza,[u'Quick Bites']
"[u' 23/453, Opposite Sanjay Cinema, Wazipura Road, Sanjay Place, Civil Lines, Agra']","Rs. 1,600","North Indian, Chinese, Mughlai","Must Visit Restaurants In Agra, Best Indian Restaurants, Great Food, No Bull", 12noon 9pm Mon Sn  ,[u'Civil Lines'],"4.7-(1,003),4.2-(3,863)",PinchOfSpice,[u'Casual Dining']
"[u' 23/301, Wazirpura Road, Judge Compound Chowraha, Wazirpura, Civil Lines, Agra']",Rs. 500,"Bakery, Fast Food",-, 9am 9pm Mon Sn  ,[u'Civil Lines'],"3.9-(527),3.5-(25.6K)",CakeHouse,[u'Bakery']
"[u' 26/118, Opposite Income Tax Building, Sanjay Place, Civil Lines, Agra']",Rs. 700,"North Indian, South Indian, Chinese, Bakery, Continental",-, 10am 11pm Mon Sn  ,[u'Civil Lines'],"4.1-(595),4.2-(12.7K)",Aahar,[u'Casual Dining']
"[u' Heera Bagh, Khel Gaon, Dayal Bagh, Agra']",Rs. 250,"Chinese, Mithai, South Indian, Pizza, Burger, Bakery, Beverages",-, 8am 10:30pm Mon Sn  ,[u'Dayal Bagh'],"4.1-(573),4.2-(11.3K)",BhagatHalwai,"[u'Quick Bites,Sweet Shop']"
"[u' 1/48, Delhi Gate, Station Road, Raja Mandi, Civil Lines, Agra']",Rs. 300,North Indian,Trending This Week, 12noon 12midnight Mon Sn  ,[u'Civil Lines'],"4.3-(579),4.2-(11.3K)",YadavDhabaPurana,[u'Dhaba']
"[u' 6/27/1A, Hotel Alleviate, Yamuna Kinara Road, Belanganj, Civil Lines, Agra']","Rs. 1,200","Continental, North Indian, Chinese","Rooftops, Great Food, No Bull", 11:30am 10:30am Mon Sn  ,[u'Civil Lines'],"4.5-(734),4.1-(1,985)",Hichkee,[u'Casual Dining']
"[u' 18/159D, Hotel M House, Fatehabad Road, Near Purani Mandi, Tajganj, Agra']","Rs. 1,000","Chinese, Italian, Continental, North Indian","Great Food, No Bull", 12noon 11:30pm Mon Sn  ,[u'Tajganj'],"4.6-(944),3.5-(671)",TeaseMeRooftopTeaBoutique,[u'Casual Dining']
"[u' Delhi Gate, Raja Mandi Station Road, Civil Lines, Agra']",Rs. 250,North Indian,-, 10:30am 11pm Mon Sn  ,[u'Civil Lines'],"4.3-(493),4.3-(9,717)",PapaJiDaDhaba,[u'Dhaba']
"[u' 8, Handicraft Nagar, Fatehabad Road, Tajganj, Agra']",Rs. 600,"Pizza, Fast Food, Finger Food, American",-, 11am 11pm Mon Sn  ,[u'Tajganj'],"4.3-(693),4.1-(2,456)",PizzaHut,"[u'Casual Dining,Caf\xe9']"
"[u' Delhi Gate, Raja Mandi Station Road, Civil Lines, Agra']",Rs. 250,North Indian,-, 10:30am 11pm Mon Sn  ,[u'Civil Lines'],"4.3-(493),4.3-(9,718)",PapaJiDaDhaba,[u'Dhaba']
"[u' 8, Handicraft Nagar, Fatehabad Road, Tajganj, Agra']",Rs. 600,"Pizza, Fast Food, Finger Food, American",-, 11am 11pm Mon Sn  ,[u'Tajganj'],"4.3-(693),4.1-(2,457)",PizzaHut,"[u'Casual Dining,Caf\xe9']"
"[u' Opposite Soami Bagh Temple, Dayal Bagh, Agra']",Rs. 500,"North Indian, Fast Food, Chinese, South Indian","Great Food, No Bull", 11am 11pm Mon Sn  ,[u'Dayal Bagh'],"4.5-(833),4.0-(13.5K)",HoneydewRestaurant,[u'Quick Bites']
"[u' Crystal Tower, Fatehabad Road, Tajganj, Agra']",Rs. 400,"Desserts, North Indian, South Indian, Chinese, Fast Food, Street Food",-, 8am 11pm Mon Sn  ,[u'Tajganj'],"4.1-(479),4.0-(12.3K)",GMBGopikaSweetsRestaurant,[u'Casual Dining']
"[u' 1/48, Delhi Gate, Station Road, Raja Mandi, Civil Lines, Agra']",Rs. 400,Rajasthani,"Great Food, No Bull", 11am 4pm 6:30pm 8:30pm Mon Sn  ,[u'Civil Lines'],"4.5-(583),4.4-(3,186)",ChokhoJeemanMarwariJainBhojanalya,[u'Casual Dining']
"[u' Daresi Road, Jama Masjid, Kinari Bazar, Sheb Bazar, Mantola, Agra']",Rs. 150,"North Indian, Street Food, Mithai",-, 7am 10pm Mon Sn  ,[u'Mantola'],"4.1-(421),4.1-(16.8K)",ChimmanlalPuriWale,[u'Quick Bites']
"[u' Deepshikha Building, Wazirpura tRoad, Sanjay Place, Civil Lines, Agra']",Rs. 600,"North Indian, Chinese, Rolls, Beverages",-, 1:05pm 10:50pm Mon Sn  ,[u'Civil Lines'],"4.1-(491),4.2-(9,679)",AmritsariKulchaJunction,[u'Quick Bites']
"[u' 3, Daresi, Near Pathhar Mandi, Mantola, Agra']",Rs. 200,"Fast Food, Chinese",-, 11am 12midnight Mon Sn  ,[u'Mantola'],"4.1-(390),4.1-(19.3K)",BhadawarHotel,[u'Quick Bites']
"[u' Shop 8, Railway Market, Station Road, Near Agra Cantt Railway Station, Agra Cantt, Agra']",Rs. 400,North Indian,-, 11am 3:30am Mon Sn  ,[u'Agra Cantt'],"4.0-(392),4.0-(10.5K)",SardarJiDaDhaba,"[u'Casual Dining,Dhaba']"
"[u' 1/1-12, Avas Vikas Complex, City Mall, Balkeshwar Colony, Kamla Nagar, Agra']",Rs. 400,"Momos, Chinese, Beverages",-, 12noon 11:30pm Mon Sn  ,[u'Kamla Nagar'],"4.4-(351),3.9-(7,099)",TheMomoCorner,[u'Quick Bites']
"[u' Opposite Saga Emporium, Fatehabad Road, Tajganj, Agra']","Rs. 1,100","North Indian, Mughlai","Wah Taj!, Best Indian Restaurants, Must Visit Restaurants In Agra, All-Day Dining", 8am 2am Mon Sn  ,[u'Tajganj'],"4.1-(535),4.0-(1,010)",PindBalluchi,[u'Casual Dining']
"[u' Khandari Crossing, Civil Lines, Agra']",Rs. 250,"Fast Food, Burger, Pizza, Rolls, Bakery",-, 10:30am 10pm Mon Sn  ,[u'Civil Lines'],"4.0-(11.1K Reviews),---",TheBigBun,"[u'Quick Bites,Dessert Parlor']"
"[u' Opposite Axis Imaging Centre, Near Hanuman Mandir, Khandari Road, Surya Nagar, Civil Lines, Agra']",Rs. 400,"North Indian, Chinese, Rolls",-, 2pm 11:30pm Mon Sn  ,[u'Civil Lines'],"4.0-(410),3.9-(9,066)",WhatTheFood,[u'Quick Bites']
"[u' D-501, Kamla Nagar, Agra']",Rs. 350,Bakery,-, 11am 10pm Mon Sn  ,[u'Kamla Nagar'],"4.2-(2,987 Reviews),---",RohitCakesAndBakes,[u'Bakery']
"[u' Deepshikha Building, Ground floor, Near Sanjay Cinema, Wazirpura Rd, Sanjay Place, Civil Lines, Agra, Uttar Pradesh 282002']","Rs. 1,000","Bakery, Fast Food",Sweet Tooth, 8:30am 5:30pm Mon Sat  Closed Sn  ,[u'Civil Lines'],"4.3-(334),4.5-(2,325)",MKOP,"[u'Dessert Parlor,Quick Bites']"
"[u' 1/43, Johari Bazar, Subhash Bazar,Agra, Uttar Pradesh']",Rs. 200,"South Indian, Chinese",-, 11am 10pm Mon Sn  ,[u'Mantola'],"4.4-(649 Reviews),---",ManojRestaurant,[u'Quick Bites']
"[u' E 23, Shopping Arcade, Sadar Bazaar, Agra Cantt, Agra']",Rs. 850,"North Indian, Mughlai, Rolls",-, 12noon 12midnight Mon Wed Th Fri Sat    ,[u'Agra Cantt'],"3.9-(421),3.3-(2,273)",Jahanpanah,[u'Casual Dining']
"[u' 76, 2nd floor, Fatehabad Road, Near Amar Hotel, Tajganj, Agra']","Rs. 1,500","North Indian, Chinese, Continental, Italian, Pizza, Desserts","Must Visit Restaurants In Agra, Rooftops, Wah Taj!, Best Indian Restaurants, Best Bars and Pubs", 12noon 11:55pm Mon Sn  ,[u'Tajganj'],"4.3-(419),4.4-(252)",CafeTurquoiseCottage,"[u'Casual Dining,Bar']"
"[u' 23-24, Pushpanjali Commercial Complex, Sikandra-Bodla Road, Suruchipuram Colony, Sikandra, Agra']",Rs. 200,"Mithai, Fast Food, Street Food, North Indian",-, 8am 10pm Mon Sn  ,[u'Sikandra'],"4.2-(394),4.0-(11.6K)",DeviramFoodCircle,"[u'Sweet Shop,Quick Bites']"
"[u' 1374 K/1375 K, Ground Floor, Dinesh Nagar, Fatehabad Road, Tajganj, Agra']","Rs. 1,000","Cafe, Chinese, Continental, Italian, Bakery, Desserts","Wah Taj!, Sweet Tooth, Must Visit Restaurants In Agra, Great Food, No Bull, Trending This Week", 8am 8:30pm Mon Sn  ,[u'Tajganj'],"4.7-(346),3.9-(2,330)",SugarNThyme,[u'Caf\xe9']
"[u' R.K.Puram Phase 2, Tajnagri, Agra']",Rs. 200,"Cafe, North Indian, Chinese","Great Food, No Bull", 10am 9pm Mon Sn  ,[u'Tajganj'],"4.7-(270),3.3-(76)",SheroesHangout,[u'Caf\xe9']
"[u' Delhi Gate, Raja Mandi Station Road, Civil Lines, Agra']",Rs. 150,North Indian,-, 12noon 1am Mon Sn  ,[u'Civil Lines'],"4.0-(309),4.2-(16.7K)",GuruKripaYadavDhaba,[u'Dhaba']
"[u' 1374 K/1375 K, 2nd floor, Dinesh Nagar, Fatehbad Road, Tajganj, Agra']","Rs. 1,000","Cafe, Italian, Mexican, North Indian, Continental, Desserts","Rooftops, Wah Taj!, Must Visit Restaurants In Agra, Best Indian Restaurants, Best Bars and Pubs, Trending This Week", 11am 11pm Mon Sn  ,[u'Tajganj'],"4.1-(310),3.4-(167)",Chapter1Cafe,"[u'Casual Dining,Bar']"
"[u' 1448 - 1453 tajganj, Fatehabad Road, Tajganj Agra']","Rs. 1,500","Cafe, Italian, Chinese, Continental, North Indian","Great Food, No Bull", 11am 12midnight Mon Sn  ,[u'Tajganj'],"4.5-(459),3.2-(138)",Mocha,[u'Caf\xe9']
"[u' G 26 114//2, Deep Shikha Tower, Sanjay Place, Civil Lines, Agra']",Rs. 400,"Bakery, Desserts, Sandwich, Burger, Pizza, Fast Food",Sweet Tooth, 11am 11pm Mon Sn  ,[u'Civil Lines'],"4.0-(248),4.3-(5,546)",AtlanticFoods,"[u'Dessert Parlor,Quick Bites']"
"[u' 110, Jaipur House Market, Opposite Commercial Tax Office, Jaipur House Colony, Lohmandi, Shahganj, Agra']",Rs. 500,"North Indian, South Indian","Great Food, No Bull", 10am 11pm Mon Sn  ,[u'Shahganj'],"4.5-(405),4.1-(4,671)",JainRestaurant,[u'Quick Bites']
"[u' 29/A/2, Fatehabad Road, Tajganj, Agra']",Rs. 700,"North Indian, Fast Food",All-Day Dining, 8am 11pm Mon Sn  ,[u'Tajganj'],"4.1-(334),4.1-(413)",Thaaliwala,[u'Casual Dining']
"[u' Shop 37, Ground Floor, Omaxe SRK Mall, NH 2, Near Bhagwan Talkies, Khandari, Agra']",Rs. 500,"Fast Food, Healthy Food, Sandwich, Salad",-, 24Hors Mon Sn  ,[u'Khandari'],"4.2-(462),4.1-(11.7K)",Subway,[u'Quick Bites']
"[u' Floor 2, 119/8, Ashok Cosmos Mall, Sanjay Place, Civil Lines, Agra']",Rs. 700,"North Indian, Continental, Chinese","Great Food, No Bull", 12noon 12midnight Mon Sn  ,[u'Civil Lines'],"4.5-(474 Reviews),---",KiskeyWhiskey,"[u'Bar,Casual Dining']"
"[u' Paschim Puri, Sulabh Puram Colony, Sikandra, Agra']",Rs. 400,"Biryani, North Indian, Mughlai, Awadhi, Beverages",-, 11am 11pm Mon Sn  ,[u'Sikandra'],"4.0-(347),3.8-(11.7K)",ShreeBalajiFamilyRestaurant,[u'Quick Bites']
"[u' 2022, Basai Mustquil, Near TDI Mall, Fatehabad Road, Tajganj, Agra']",Rs. 450,"Burger, Fast Food, Finger Food, Beverages",-, 11am 11pm Mon Sn  ,[u'Tajganj'],"4.1-(345),4.0-(2,466)",KFC,[u'Quick Bites']
"[u' Anjali Puram, Avadh Puri, Shahganj, Agra']",Rs. 300,"North Indian, Beverages, South Indian, Fast Food, Pizza",-, 8am 10pm Mon Sn  ,[u'Shahganj'],"4.1-(266),4.2-(12.9K)",AgarwalRestaurantSweetsAndDairy,[u'Quick Bites']
"[u' ITC Mughal, Fatehabad Road, Tajganj, Agra']","Rs. 6,000","North Indian, Mughlai","Luxury Dining, Great Food, No Bull", 12:30pm 2:45pm 7pm 11:45pm Mon Sn  ,"[u'ITC Mughal, Tajganj']","4.6-(378 Reviews),---",PeshawriITCMughal,[u'Fine Dining']
"[u' Avas Vikas Colony, Kamla Nagar, Agra']",Rs. 350,South Indian,-, 12noon 11pm Mon Sn  ,[u'Kamla Nagar'],"4.3-(334),4.3-(5,138)",AnantRestaurant,[u'Casual Dining']
"[u' 6/127, Belanganj Rd, Nala Bharon, Gopal Bazar, Belanganj, Civil Lines, Agra, Uttar Pradesh 282004']",Rs. 600,North Indian,-, 10am 11pm Mon Sn  ,[u'Civil Lines'],"4.1-(420 Reviews),---",RambabuParanthaBhandar,[u'Casual Dining']
"[u' 79, Dhruv Guest House, Mathura Road, Sikandra, Agra']",Rs. 200,North Indian,-, 8am 12midnight Mon Sn  ,[u'Sikandra'],"4.4-(352),4.2-(5,211)",BhagwatiDhaba,[u'Dhaba']
"[u' Shop 5, NH2, Sikandra, Agra']",Rs. 700,Fast Food,Great Breakfasts, 11am 10:45pm Mon Sn  ,[u'Sikandra'],"3.7-(308),4.0-(629)",RamBabuParatheWale,[u'Casual Dining']
"[u' 17/8, Phulati Bazar, Mantola, Agra']",Rs. 200,"Mithai, Fast Food",-, 8am 10:45pm Mon Sn  ,[u'Mantola'],"4.3-(223),4.3-(9,700)",PushpakMisthanBhandarandSweet,[u'Sweet Shop']
"[u' 51/10 G, Near Chahar Hospital, South Arjun Nagar, Agra']",Rs. 750,"Pizza, Beverages",-, 9am 12midnight Mon Sn  ,[u'Arjun Nagar'],"4.0-(197),4.2-(5,676)",UltimatePizza,[u'Quick Bites']
"[u' 21/143, Lakshmi Kunj, Shivaji Nagar, Shahganj, Agra']",Rs. 300,Fast Food,-, 5:30pm 10:30pm Mon Sn  ,[u'Shahganj'],"3.7-(465 Reviews),---",Gurgaonwala,[u'Quick Bites']
"[u' 17, Pushpanjali Complex, Shastri Puram Road, Near Kargil Petrol Pump, Suruchipuram Colony, Lohamandi, Sikandra Agra']",Rs. 300,"Fast Food, Bakery",-, 10am 11pm Mon Sn  ,[u'Sikandra'],"4.1-(7,389 Reviews),---",CampusBakers,[u'Quick Bites']
"[u' 3/20, KPS Tower, Near Tulsi Talkies, Bypass Road, Khandari, Agra']",Rs. 900,"Rajasthani, Gujarati, Mughlai",Best Indian Restaurants, 11:30am 3pm 7pm 11pm Mon Sn  ,[u'Khandari'],"3.9-(311),4.1-(3,852)",GThal,[u'Casual Dining']
"[u' Near Sultanganj Ki Pulia, Kamla Nagar, Agra']",Rs. 200,North Indian,-, 9am 1am Mon Sn  ,[u'Kamla Nagar'],"3.6-(165),3.7-(5,609)",BhagwatiDhabaThali,[u'Quick Bites']
"[u' Shop 10/11, Shopping Arcade, Sadar Bazar, Agra Cantt, Agra']",Rs. 450,North Indian,-, 11am 11pm Mon Sn  ,[u'Agra Cantt'],"4.0-(249),4.1-(7,370)",ShanEHind,[u'Casual Dining']
"[u' Freedom Plaza, 10B, Karkunj Road, Avas Vikas Colony, Sikandra, Agra, Uttar Pradesh 282007']",Rs. 300,"Mithai, Street Food, South Indian, Chinese",-, 8am 10:30pm Mon Sn  ,[u'Sikandra'],"4.2-(248),4.4-(12K)",ShreeBankeyBihariMisthanBhandar,"[u'Sweet Shop,Quick Bites']"
"[u' G-14-13 Friends Wasan Plaza, Behind Hotel Holiday Inn, Sanjay Place']",Rs. 800,"Chinese, Thai",                                                                                           10  off on all orders above  800                                          , 12:30pm 11pm Mon Wed Th Fri Sat Sn     ,[u'Civil Lines'],"4.1-(255),4.2-(1,664)",Bercos,[u'Casual Dining']
"[u' 6, M.I.G,, New Shahganj Rd, Kothi Meena Bazaar, Shahganj, Agra']",Rs. 200,"North Indian, Desserts", , 8am 11pm Mon Sn  ,[u'Shahganj'],"3.9-(304),4.1-(1,757)",SattolalaFoodCourt,"[u'Quick Bites,Sweet Shop']"
"[u' Shri Ram Complex, MK Puram, Sikandra, AGra']",Rs. 400,"North Indian, Fast Food, South Indian", , 11am 11pm Mon Sn  ,[u'Sikandra'],"4.1-(335),3.9-(7,970)",PariFamilyRestaurant,[u'Quick Bites']
[u' Khandari Rd'],Rs. 400,Street Food, , 5pm 11pm Mon Wed Th Fri Sat Sn  3pm     ,[u'Khandari'],"3.9-(5,389 Reviews),---",Fruck,[u'Food Truck']
"[u' Courtyard by Marriott Agra, Phase 2, Fatehabad Road, Tajganj, Agra']","Rs. 2,000","Italian, North Indian, Fast Food, Continental, Beverages, Asian",Luxury Dining  Wah Taj   All Day Dining  Great Food  No Bull  Trending This Week, 6:30am 11pm Mon Sn  ,"[u'Courtyard by Marriott Agra, Tajganj']","4.5-(214 Reviews),---",MoMoCafeCourtyardByMarriott,"[u'Fine Dining,Bar']"
"[u' Chaat Gali, Sadar Bazar, Tajganj, Agra']",Rs. 150,Street Food, , 2pm 11pm Mon Sn  ,[u'Tajganj'],"4.1-(3,324 Reviews),---",AgraChatHouse,[u'Quick Bites']
"[u' Shop 23/453, Above Pinch Of Spice, K-3 Market, Wazirpura Road, Sanjay Palace, Civil Lines, Agra']",Rs. 250,"Rolls, Fast Food", , 11am 11pm Mon Sn  ,[u'Civil Lines'],"4.3-(232),4.2-(5,776)",RollsNation,[u'Quick Bites']
"[u' 86, Bhagwan Talkies Crossing, Bypass Road, NH 2, Khandari, Agra']",Rs. 700,"North Indian, South Indian", , 12noon 11pm Mon Sn  ,[u'Khandari'],"4.3-(331),4.5-(1,562)",Achman,[u'Quick Bites']
"[u' India House, Near A1 Hospital, Nehru Nagar, Khandari, Agra']",Rs. 600,"South Indian, North Indian, Chinese", , 4pm 7pm Mon Sn  ,[u'Khandari'],"4.2-(244),4.3-(1,302)",UdupiBrindavan,[u'Casual Dining']
"[u' Pratik Centre, Behind ICICI Bank, Sanjay Place, Civil Lines, Agra']",Rs. 450,"Beverages, Burger, Fast Food, Pizza, Sandwich, Wraps",                                                                                           20  off on all orders above  149                                          , 10:15am 10pm Mon Sn  ,[u'Civil Lines'],"3.9-(212),4.1-(3,594)",HungernomiaDaddysBurgerBar,[u'Quick Bites']
"[u' Shop no.6-7,upadhyay market,hari parvat,agra,uttar pradesh']",Rs. 850,"North Indian, Mughlai", , 12noon 11:30pm Mon Sn  ,[u'Civil Lines'],"3.8-(253),3.9-(1,454)",CapriRestaurant,[u'Casual Dining']
"[u' Near Bodla Sabzi Mandi, Sector 1, Avas Vikas Mraket, Bodla, Sikandra, Agra']",Rs. 300,"North Indian, Fast Food",                                                                                           30  off on all orders above  499                                          , 1pm 11pm Mon Te Th Sat Sn  1pm     ,[u'Sikandra'],"4.0-(228),4.2-(5,662)",ShriTirupatiNo1FamilyRestaurant,[u'Quick Bites']
"[u' D-557, Near PNB Bank, Kamla Nagar, Agra']",Rs. 600,"Cafe, Italian, Fast Food, Chinese", , 1pm 11pm Mon Sn  ,[u'Kamla Nagar'],"4.1-(277),3.7-(1,942)",TheMasterchefRestaurant,"[u'Caf\xe9,Casual Dining']"
"[u' Shreenath Ji Complex, Ratan Muni Road, Tota Ka Taal, Billochpura, Lohamandi, Agra']",Rs. 200,"Mithai, Desserts", , 7am 10pm Mon Sn  ,[u'Civil Lines'],"4.0-(7,347 Reviews),---",BhawnaSweets,[u'Sweet Shop']
"[u' 13/ 29, Kui Ki Mandi Shahganj, Agra']",Rs. 300,"Bakery, Fast Food", , 8am 12midnight Mon Sn  ,[u'Shahganj'],"4.0-(139),4.2-(4,519)",GoverdhanBakery,[u'Bakery']
"[u' Rajeev Plaza, M.g. Road, Opposite Shah Market, Civil Lines, Agra']",Rs. 400,"Mithai, Street Food", , 8:30am 10pm Mon Sn  ,[u'Civil Lines'],"4.2-(187),4.6-(8,702)",GopaldasPetheWale,"[u'Sweet Shop,Quick Bites']"
"[u' Fatehabad Road, Tajganj, Agra']","Rs. 1,500",Cafe, , 1pm 11:30pm Mon Th  1pm 12:30am Fri Sn  ,[u'Tajganj'],"3.8-(217),3.6-(49)",GreyHouseCafe,"[u'Caf\xe9,Lounge']"
"[u' Pani Ki Tanki Road, Balkeshwar Colony, Kamla Nagar, Agra']",Rs. 600,"North Indian, Chinese, South Indian, Fast Food, Beverages", , 11am 11pm Mon Sn  ,[u'Kamla Nagar'],"3.9-(180),4.0-(3,135)",FamilyZaikaRestroLounge,[u'Casual Dining']
"[u' 8B P31A Khasra No. 824/1 Mauja Mau Byepass Khandari Crossing, Agra,nagar nigam food safety zone 04,agra,282005']",Rs. 400,Fast Food, , 12noon 2am Mon Sn  ,[u'Khandari'],"3.6-(223),3.7-(4,420)",MasterChefItalianFastFoodCorner,[u'Quick Bites']
"[u' Parador Hotel, 3A-3B, Phase 1, Fatehabad Road, Taj Nagri, Tajganj, Agra']","Rs. 1,500","North Indian, Chinese, Continental", , 12noon 3:30pm 6:30pm 11pm Mon Sn  ,[u'Tajganj'],"4.1-(203 Reviews),---",BonBarbecue,[u'Casual Dining']
"[u' B 87, Central Bank Road, Kamla Nagar, Agra']","Rs. 1,000","North Indian, Chinese, Fast Food", , 11am 12midnight Mon Sn  ,[u'Kamla Nagar'],"4.1-(348 Reviews),---",Temptation,[u'Casual Dining']
"[u' G2, Specific Mall, Sector -13, Karkunj Road, Sikandra, Agra']",Rs. 150,"Street Food, Beverages", , 11am 10:30pm Mon Sn  ,[u'Sikandra'],"4.2-(248),4.4-(3,187)",GoliVadaPavNo1,[u'Quick Bites']
"[u' Pani Ki Tanki Road, Balkeshwar Colony, Kamla Nagar, Agra']",Rs. 150,Street Food, , 1pm 11pm Mon Sn  ,[u'Kamla Nagar'],"4.1-(246),4.1-(7,136)",ChaatChowpaati,[u'Quick Bites']
"[u' Adjoining to Bhagat Halwai, M G Road 2, Near Easy Day Market, Shahganj, Agra']",Rs. 700,"Mughlai, North Indian", , 12noon 11pm Mon Wed Th Fri Sat Sn     ,[u'Shahganj'],"4.1-(2,042 Reviews),---",IndianChickenExpress,[u'Quick Bites']
"[u' 116, Saudagar Lines Road, Sadar Bazaar, Idgah Colony, Agra Cantt, Agra']",Rs. 500,North Indian, , 11am 10:15am Mon Sn  ,[u'Agra Cantt'],"4.1-(255),4.2-(1,101)",OmBhojanalaya,[u'Casual Dining']
"[u' 61, Jaipur House Market, Opposite Jwala Theatre, Shahganj, Agra']",Rs. 600,"Cafe, North Indian, Chinese, Italian, Continental, Finger Food, Fast Food, Beverages", , 12noon 12midnight Mon Wed Th Fri Sat    ,[u'Shahganj'],"4.0-(236),3.7-(2,441)",SocialAttitude,[u'Caf\xe9']
"[u' Delhi Gate, Raja Mandi Station Road, Civil Lines, Agra']",Rs. 300,North Indian, , 12midnight 5:59am 6am 12midnight    ,[u'Civil Lines'],"4.0-(179),4.3-(4,096)",AnandHeAnandBhojanalaya,[u'Casual Dining']
"[u' Plot 7, 8, Rana Market, Below Easyday, Saket Colony Road, Shahganj, Agra']",Rs. 200,Pizza, , 11am 11pm Mon Sn  ,[u'Shahganj'],"4.1-(216),4.4-(4,931)",NewPizzaKing,[u'Quick Bites']
"[u' Opposite ISBT, Transport Nagar, Sikandra, Agra']",Rs. 200,North Indian, , 8am 1am Mon Sn  ,[u'Sikandra'],"4.2-(287),4.0-(4,693)",JainBhojnalaya,[u'Bhojanalya']
"[u' Sector 16 B, Near Gurudwara Flyover, Kar Kunj Chauraha, Avas Vikas Colony, Lohamandi, Near Sikandra, Agra']","Rs. 1,000","North Indian, Chinese, Continental, Fast Food",Wah Taj   Rooftops  Best Bars and Pubs, 2pm 12:30am Mon Sn  ,[u'Sikandra'],"4.0-(207),3.9-(129)",Fakira,"[u'Casual Dining,Bar']"
"[u' G-5/32, Opposite LIC Building, Sanjay Place, Civil Lines, Agra']",Rs. 600,Chinese,, 12:30pm 10:30pm Mon Th  12:30pm 10:45pm    ,[u'Civil Lines'],"4.1-(266),3.9-(1,886)",Chopstix,[u'Quick Bites']
"[u' Shop G-11, 12 & 13, Block 34/2, Opposite LIC Building, Civil Lines, Agra']",Rs. 200,"Tea, Fast Food",GreatFoodNoBull, 9am 11pm Mon Sn  ,[u'Civil Lines'],"4.5-(173),4.3-(1,445)",Chainess,[u'Quick Bites']
"[u' Balkeshwar, Mahadev Mandir Road, Near The Park, Kamla Nagar, Agra']",Rs. 300,North Indian,, 6pm 11pm Mon Sn  ,[u'Kamla Nagar'],"3.8-(7,792 Reviews),---",GuruKripaBhojnalaya,[u'Quick Bites']
"[u' Nalband Crossing, Ghalibpura Road, Nai Ki Mandi, Mantola, Agra']",Rs. 600,"Biryani, Mughlai",, 12noon 1am Mon Sn  ,[u'Mantola'],"4.0-(199),3.9-(4,472)",LabbaikChickenCorner,[u'Casual Dining']
"[u' Super Bazar, Near Kargil Petrol Pump, Sector 9, Avas Vikas Colony, Sikandra, Agra']",Rs. 700,North Indian,, 11am 11pm Mon Sn  ,[u'Sikandra'],"3.7-(209),3.8-(2,278)",ChotaMamaChickenMamaVeg,[u'Quick Bites']
"[u' Karkunj Road, Avas Vikas Colony, Sector 9, Sikandra, Agra']",Rs. 200,North Indian,, 9am 12midnight Mon Sn  ,[u'Sikandra'],"4.0-(233),3.8-(3,936)",PanditBhojnalaya,[u'Bhojanalya']
"[u' UGF 3, Vimal Plaza, 61 Surya Nagar, Opposite Civil Court, Khandari, Agra']",Rs. 600,"South Indian, North Indian, Chinese",, 11am 11pm Mon Sn  ,[u'Khandari'],"3.9-(231),4.0-(1,453)",DosaPlazaNorthIndianRestaurant,[u'Casual Dining']
"[u' Near Isbt Transport Nagar, Sikandra, Agra']",Rs. 250,North Indian,, 8am 3am Mon Sn  ,[u'Sikandra'],"4.1-(287),3.9-(4,474)",OmSaiRamBhojhnalaya,[u'Bhojanalya']
"[u' 2A/Sec 4B, Etah Plaza, Central Park Road, Avas Vikas Colony, Agra']",Rs. 800,Indian,, 12:30pm 10:45pm Mon Sn  ,[u'Sikandra'],"4.1-(271),4.2-(566)",TheForest,[u'Casual Dining']
"[u' 5 alka puri,pratap nagar, Shahganj, Agra']",Rs. 200,Fast Food,, 9am 12noon Mon Sn  ,[u'Shahganj'],"3.5-(1,852 Reviews),---",ChinaTown,[u'Quick Bites']
"[u' 35/573 C, Kachi Wali Gali, Naubasta, Lohamandi, Agra']",Rs. 100,Street Food,10offonallordersabove100, 11am 10pm Mon Te  11am 11pm Wed Sn     ,[u'Lohamandi'],"4.2-(173),4.2-(1,788)",RaviPattiesMocktailPoint,[u'Quick Bites']
"[u' ITC Mughal, Fatehabad Road, Tajganj, Agra']","Rs. 2,500","Mughlai, North Indian",, 6am 10:30am 12:30pm 2:30pm 7pm 10:30pm    ,"[u'ITC Mughal, Tajganj']","4.0-(104 Reviews),---",TajBanoITCMughal,[u'Fine Dining']
"[u' Beside Income Tax Office, Civil Lines, Agra']",Rs. 350,North Indian,, 11am 11pm Mon Sn  ,[u'Civil Lines'],"3.9-(181),4.2-(2,950)",NewMoonLightRestaurant,[u'Dhaba']
"[u' Shop G-4 TDI Mall, Fatehabad Road, Tajganj, Agra']",Rs. 800,"Desserts, Mexican, Italian, Fast Food",, 10am 12midnight Mon Sn  ,[u'Tajganj'],"4.4-(145),3.8-(282)",TheChocolateRoom,[u'Caf\xe9']
"[u' 49, Shivhare Road, Sadar Bazaar, Agra Cantt, Agra']",Rs. 300,"Beverages, Juices, Fast Food",, 11am 11pm Mon Sn  ,[u'Agra Cantt'],"4.2-(159 Reviews),---",JuxPux,"[u'Beverage Shop,Quick Bites']"
"[u' Lower Ground Floor, Plot 6 Church Road Ram Nagar Colony, Civil Lines, Agra']",Rs. 500,South Indian,, 12midnight 10:30pm Mon Wed  12:01pm 10:30pm    ,[u'Civil Lines'],"4.0-(135),4.2-(2,654)",TirupatisDosaFactory,[u'Casual Dining']
"[u' C-31, Nandan Puram, Near Shakher Residency, Pashchim Puri, Sikandra, Agra']",Rs. 300,North Indian,, 9am 11pm Mon Sn  ,[u'Sikandra'],"3.6-(2,021 Reviews),---",Chickenwalacom,[u'Quick Bites']
"[u' The Oberoi Amarvilas, Taj East Gate Road, Fatehabad Road, Tajganj, Agra']","Rs. 6,500","North Indian, Chinese, Continental",LuxuryDiningAllDayDining, 6:30am 11:30pm Mon Sn  ,"[u'The Oberoi Amarvilas, Tajganj']","4.3-(169 Reviews),---",BellevueTheOberoiAmarvilas,[u'Fine Dining']
"[u' Sanjay Palace, Sanjay Place, Civil Lines, Agra, Uttar Pradesh 282002']","Rs. 1,100","North Indian, Italian, Chinese, Fast Food",, 11am 11pm Mon Sn  ,[u'Civil Lines'],"3.9-(153),3.9-(470)",Qsinn,[u'Casual Dining']
"[u' 18/163A/6, Shamshabad Road, Vibhav Nagar, Tajganj, Agra']",Rs. 700,"South Indian, North Indian",GreatBreakfasts, 8am 10:30pm Mon Sn  ,"[u'Hotel Dasaprakash, Tajganj']","4.1-(161 Reviews),---",PurplebedsByVITS,[u'Casual Dining']
"[u' Plot 3, Virat Complex, Bhagirathi Devi Marg, Khandari, Agra']",Rs. 300,"Chinese, South Indian",, 11am 10:30pm Mon Sn  ,[u'Khandari'],"3.9-(166),3.7-(2,030)",YoYoFoods,[u'Quick Bites']
"[u' E 33, New Agra, Dayalbagh Road, Dayal Bagh, Agra']",Rs. 100,"Fast Food, Desserts",, 11am 8pm Mon Sn  ,[u'Dayal Bagh'],"4.4-(2,825 Reviews),---",RaviPattiesCorner,"[u'Confectionery,Quick Bites']"
"[u' Bodla Crossing, Shahganj, Agra']",Rs. 100,Beverages,, 10am 10pm Mon Sn  ,[u'Shahganj'],"4.4-(242),4.6-(3,446)",KushwahLassiCorner,[u'Beverage Shop']
"[u' B-27, Central Bank Road, Kamla Nagar, Agra']",Rs. 300,"Mithai, Street Food, Fast Food",SweetTooth, 7am 10pm Mon Sn  ,[u'Kamla Nagar'],"3.9-(159),4.3-(3,280)",SriDaujiMishthanBhandar,"[u'Quick Bites,Dessert Parlor']"
"[u' Pandav Nagar, Shahganj, Agra']",Rs. 500,North Indian,, 1pm 11pm Mon Sn  ,[u'Shahganj'],"4.0-(171),3.9-(2,039)",GulatiBarBeQue,[u'Casual Dining']
"[u' Unit 11, First Floor, Crossroad Mall, Sikandra Bodla Road, Sikandra, Agra']","Rs. 1,000","Awadhi, Chinese, Mughlai, North Indian",MustVisitRestaurantsInAgraBestIndianRestaurants, 12noon 11pm Mon Sn  ,[u'Sikandra'],"3.9-(185),3.8-(746)",DJailHouseRestaurant,[u'Casual Dining']
"[u' 100 Feet Road, Maruti Estate, Near Simpkins School, Kala Kunj, Shahganj, Agra']",Rs. 100,"Fast Food, Rolls",, 5pm 11pm Mon Sn  ,[u'Shahganj'],"4.0-(3,563 Reviews),---",SadarWala,[]
"[u' 821, Khandari Crossing, N H 2, Khandari, Agra']",Rs. 600,"South Indian, North Indian, Street Food, Chinese, Desserts, Beverages",50offonallorders, 8am 11:55pm Mon Sn  ,[u'Khandari'],"3.2-(139),3.6-(1,565)",SagarRatna,[u'Casual Dining']
"[u' Sanjay Place, Opposite Ashok Cosmos Mall, Sanjay Place, Near Khandari, Agra']",Rs. 200,"Fast Food, Italian, Beverages, Burger, Sandwich, Pizza",TrendingThisWeek, 9am 9pm Mon Sn  ,[u'Khandari'],"3.6-(154),3.7-(1,302)",JuxPux,[u'Caf\xe9']
"[u' 206, 36, Vijay Market, Dayal Bagh, Agra']",Rs. 500,"Fast Food, Burger, Pizza, Sandwich, Beverages",20offonallordersabove149, 10:30am 10:15pm Mon Sn  ,[u'Dayal Bagh'],"3.9-(154),4.1-(2,757)",GrillInn,[u'Casual Dining']
"[u' Madiya Katra, Alam Ganj, Lohamandi, Agra']",Rs. 250,"Fast Food, Beverages, Italian",, 11am 11pm Mon Sn  ,[u'Lohamandi'],"3.8-(136),4.2-(3,880)",SipsAndBites,[u'Quick Bites']
"[u' Shop 91/9, Sector 9, Opposite Hero Moto Corp Showroom, Near Kargil Petrol Pump, Sikandra, Agra']",Rs. 500,South Indian,, 6pm 11pm Mon Sn  ,[u'Sikandra'],"4.0-(3,539 Reviews),---",DosaFactory,[u'Quick Bites']
"[u' Taj Road, Sadar Bazaar, Agra Cantt, Agra']",Rs. 300,Desserts,SweetTooth, 10am 9pm Mon Sn  ,[u'Agra Cantt'],"4.3-(170 Reviews),---",PanchiPethaStore,"[u'Dessert Parlor,Sweet Shop']"
"[u' 25/90, Gandhi Nagar Crossing, Civil Lines, Agra']",Rs. 300,Bakery,, 10am 10pm Mon Sn  ,[u'Civil Lines'],"4.0-(157),4.2-(4,615)",AmbeyBakers,[u'Bakery']
"[u' Lakshmi Kunj, Shivaji Nagar, Shahganj, Agra']",Rs. 250,Fast Food,, 5pm 10:30pm Mon Sn  ,[u'Shahganj'],"3.6-(158),4.1-(2,057)",MasterChef,[u'Quick Bites']
"[u' Shop 522, pro Due t DS Near Bhagwan Talkies, Agra']",Rs. 350,North Indian,, 24Hors Mon Sn  ,[u'Dayal Bagh'],"4.0-(265),4.2-(139)",ManojDhaba,[u'Casual Dining']
"[u' 531, Bhagwan Talkies Crossing, MG Road, Khandari, Agra']",Rs. 400,"North Indian, Desserts, Mithai",TrendingThisWeek, 8:30am 10:30pm Mon Sn  ,[u'Khandari'],"3.9-(131),4.1-(1,968)",NewVishalRestaurant,[u'Dhaba']
"[u' Shop 4, New Radha Nagar, Balkeshwar Colony, Kamla Nagar, Agra']",Rs. 200,"Fast Food, Pizza, Burger",, 11:30am 10pm Mon Sn  ,[u'Kamla Nagar'],"3.9-(127),4.2-(5,123)",KingsPizzaAndBurger,[u'Quick Bites']
"[u' Taj Hotel & Convention Centre, Taj East Gate Road, Tajganj, Agra']","Rs. 3,600","North Indian, Mughlai",, 7:30pm 10:30pm Mon Sn  ,"[u'Taj Hotel & Convention Centre, Tajganj']","4.1-(120 Reviews),---",DaawateNawabTajHotelConventionCentreTajganj,[u'Fine Dining']
"[u' Shop No. 10 Semi Basement  Plot No. 10 Avadhpuri Colony Sikandra Agra , Nagar Nigam Food Safety Zone 05, Agra , 282007']",Rs. 500,"Cafe, North Indian, Mughlai, Italian, Chinese",, 11am 11pm Mon Sn  ,[u'Sikandra'],"4.0-(184),3.6-(965)",CaptainsCafe,[u'Caf\xe9']
"[u' Hotel Clarks Shiraz, 54, Taj Road, Agra Cantt, Agra']","Rs. 2,500","North Indian, Mughlai",, 12:30pm 3pm 7:30pm 11:30pm Mon Sn  ,"[u'Hotel Clarks Shiraz, Agra Cantt']","4.3-(159 Reviews),---",TheMughalRoomHotelClarksShiraz,[u'Fine Dining']
"[u' 6/27, Yamuna Kinara Road, Belanganj, Civil Lines, Agra']",Rs. 700,"Chinese, North Indian",, ,[u'Civil Lines'],"4.0-(99),4.3-(198)",FilmyZaykaHotelAlleviate,[u'Casual Dining']
"[u' Rishipuram Colony, Lohamandi, Agra']",Rs. 400,"Sandwich, Burger, South Indian, Salad, Beverages",, 8am 10pm Mon Sn  ,[u'Lohamandi'],"3.8-(125),4.0-(1,240)",GreeNox,[u'Quick Bites']
"[u' Kaveri Kunj, Kamla Nagar, Agra, Uttar Pradesh']",Rs. 300,Fast Food,, 11am 10pm Mon Sn  ,[u'Kamla Nagar'],"4.0-(180),3.9-(2,609)",DaddysBurgerBar,[u'Quick Bites']
"[u' Dhakran Crossing, M.G. Road, Rakabganj, Agra']",Rs. 250,"North Indian, South Indian",, 11am 11:30pm Mon Te Wed Th Sat  11am     ,[u'Rakabganj'],"3.9-(147),4.0-(2,556)",OmRestaurant,[u'Quick Bites']
"[u' Shop No 5, Block 34, Sanjay Place, Civil Lines, Agra']",Rs. 400,Fast Food,, 12noon 11:30pm Mon Sn  ,[u'Civil Lines'],"3.7-(131),3.6-(178)",CafeKulhad,[u'Quick Bites']
"[u' Bagh Rajpur, Jyothi Nagar, Shaheed Nagar, Idgah Colony, Tajganj, Agra']",Rs. 250,North Indian,, 11am 10:45pm Mon Sn  ,[u'Tajganj'],"3.9-(139),4.0-(4,477)",NewAgraFastFoodRestaurant,[u'Quick Bites']
"[u' Block 119\\/8, 3rd Floor, Ashok Cosmos Mall, Sanjay Place, Tajganj, Agra']","Rs. 1,600","North Indian, Chinese, Mediterranean",,GreatFood NoBll,[u'Tajganj'],"4.5-(274 Reviews),---",BarbequeNation,[u'Casual Dining']
"[u' Millennium Complex, Bhagwan Talkies, Dayal Bagh, Agra']",Rs. 250,"North Indian, Chinese, South Indian",, 12noon 11pm Mon Sn  ,[u'Dayal Bagh'],"4.0-(151),3.9-(3,575)",TwistTaste,[u'Quick Bites']
"[u' Virat Complex, Bhagirathi Devi Marg, Opposite Dr. BR Ambedkar Campus, Khandari, Agra']",Rs. 200,"Bakery, Fast Food",, 9am 9pm Mon Sn  ,[u'Khandari'],"3.7-(111),3.8-(4,765)",CelebrationFoods,[u'Bakery']
"[u' Shop 3, Emporium Block, Near Saeed Smarak Park, Sanjay Place, Khandari, Agra']",Rs. 200,"Fast Food, Beverages, Desserts",TrendingThisWeek, 11am 11pm Mon Sn  ,[u'Khandari'],"4.4-(169 Reviews),---",TheMudShakes,[u'Kiosk']
"[u' Shop no 10 ,Bihari complex (below bent chair), Civil Lines Agra']",Rs. 220,"Italian, Fast Food, Beverages",, 11:30am 11:30pm Mon Sn  ,[u'Civil Lines'],"4.0-(169),3.6-(1,797)",MothersMilkshakes,"[u'Quick Bites,Beverage Shop']"
"[u' ITC Mughal, Fatehabad Road, Tajganj, Agra']","Rs. 2,500","North Indian, Chinese, Continental",GreatBreakfasts, 11am 11:45pm Mon Sn  ,"[u'ITC Mughal, Tajganj']","4.0-(116 Reviews),---",MughalPavilionITCMughal,[u'Fine Dining']
"[u' S-1. Elora Complex, Near Hanuman Mandir, Khandari, Agra']",Rs. 400,"Rolls, Chinese, Momos",TrendingThisWeek, 5pm 11pm Mon Wed Th Fri Sat Sn  Closed    ,[u'Khandari'],"3.8-(154),4.0-(2,117)",RolaWala,[u'Quick Bites']
"[u' Anna Ikon Complex, Sikandra Bodla Road, Sikandra, Agra']","Rs. 1,000","North Indian, Chinese",, 12noon 9pm Mon Sn  ,[u'Sikandra'],"4.0-(156),3.9-(228)",Roofmates,[u'Casual Dining']
"[u' Karkunj Road, sector 9, Avas Vikas Colony, Sikandra Agra']",Rs. 300,"Mughlai, Afghan",, 12noon 11pm Mon Sn  ,[u'Sikandra'],"3.9-(152),3.9-(3,428)",BabaChickenMutton,[u'Quick Bites']
"[u' Above Bikanervala, Fatehabad Road, Tajganj, Agra']","Rs. 1,000","North Indian, Chinese, Continental",, 12noon 11pm Mon Sn  ,[u'Tajganj'],"3.9-(206 Reviews),---",BigDaddy,"[u'Lounge,Bar']"
"[u' 1/19 Shop No-9 Sumukh Complex Sec-13 Avas Vikas Colony, Agra  Land mark ( Near kargil chauraha)']",Rs. 500,"Fast Food, Pizza, Wraps, Beverages",, 11am 10:30pm Mon Sn  ,[u'Sikandra'],"3.8-(151),4.4-(3,162)",PizzaInn,[u'Quick Bites']
"[u' B-186, B Block Road, Ghatwasan, Kamla Nagar, Agra']",Rs. 800,"North Indian, Chinese, South Indian",, 12noon 11pm Mon Sn  ,[u'Kamla Nagar'],"3.7-(157),4.0-(864)",ChaskaRestaurant,[u'Casual Dining']
"[u' C R Mall, Church Road, Ram Nagar, Civil Lines, Agra']",Rs. 150,"Bakery, Fast Food",, 10am 10pm Mon Sn  ,[u'Civil Lines'],"3.7-(106),3.6-(439)",ChefatHomeBakery,"[u'Bakery,Quick Bites']"
"[u' B 190, Shop 1, Shree Ram Complex, Main Market, Kamla Nagar, Agra, Agra']",Rs. 700,Fast Food,, 11:30am 11pm Mon Sn  ,[u'Kamla Nagar'],"4.2-(133),4.3-(1,454)",AromaticNosh,[u'Quick Bites']
"[u' Ganesh Tower, Bypass Road, Dev Nagar, Kailash Vihar, Azad Nagar, Khandar, Agra']",Rs. 700,North Indian,, 11am 11pm Mon Sn  ,[u'Khandari'],"3.9-(207 Reviews),---",MarutiDhaba,[u'Dhaba']
"[u' 2, Near Deepak Hospital, Chanakya Puri, Shahganj, Agra']",Rs. 250,"Burger, Fast Food",, 11am 11pm Mon Sn  ,[u'Sikandra'],"4.2-(171),4.3-(2,876)",BurgerPanda,[u'Quick Bites']
"[u' Shop No G-1 Block No 38/4 -B friends Centre Sanjay Place, Civil Lines, Agra']",Rs. 250,"Sandwich, Beverages, Continental",, 10am 10pm Mon Sn  ,[u'Civil Lines'],"4.2-(121),4.3-(1,232)",Tealogy,[u'Quick Bites']
"[u' Fatehabad Road, Tajganj, Agra']",Rs. 200,"Desserts, Bakery",, 10am 8pm Mon Sn  ,[u'Tajganj'],"3.5-(101),4.4-(967)",CakeMore,"[u'Dessert Parlor,Bakery']"
"[u' 32/24-A/1 Water Works, Bypass Road, Kamla Nagar, Agra']",Rs. 300,North Indian,, 11am 11pm Mon Sn  ,[u'Kamla Nagar'],"3.8-(142),4.2-(1,364)",JeetuDhaba,[u'Dhaba']
"[u' 13/7, Balkeshwar Colony, Kamla Nagar, Agra']",Rs. 150,Chinese,, 4pm 10:30pm Mon Sn  ,[u'Kamla Nagar'],"4.2-(1,631 Reviews),---",TongueTwister,[]
"[u' Jaypee Palace Hotel, Fatehabad Road, Tajganj, Agra']","Rs. 3,000","North Indian, Mughlai",LuxuryDining, 7:30pm 11:30pm Mon Sn  ,"[u'Jaypee Palace Hotel, Tajganj']","4.3-(145 Reviews),---",PaatraJaypeePalaceHotel,[u'Fine Dining']
"[u' Rajshree Market, Shop 3, Near Pratap Nagar, Opposite Agarsen Dairy, Shahganj, Agra']",Rs. 300,"Pizza, Burger, Fast Food",, 10am 11pm Mon Sat  12midnight 12:56am 10am    ,[u'Shahganj'],"4.0-(174),3.6-(1,722)",PizzaHub,[u'Quick Bites']
"[u' Hotel Maniram Palace 4th Floor Fathehbad Road, Tajganj, Agra']","Rs. 1,100","North Indian, Chinese, Lebanese, Continental, Mediterranean, Mexican",, 3pm 12midnight Mon Sn  ,[u'Tajganj'],"4.3-(138),3.9-(19)",CHHATOverTheTop,[u'Casual Dining']
"[u' Delhi Gate, Station Road, Raja Mandi, Civil Lines, Agra']",Rs. 200,North Indian,, 11:30am 11:30pm Mon Sn  ,[u'Civil Lines'],"3.9-(118),3.9-(1,651)",ShriDharamrajYadavDhaba,[u'Dhaba']
"[u' 26/258, Sultanganj, Civil Line, Gandhi Nagar,, Agra']",Rs. 150,North Indian,, 8am 1am Mon Sn  ,[u'Kamla Nagar'],"4.0-(102),3.8-(2,995)",ShriThakurJiBhojanalaya,[u'Casual Dining']
"[u' Nagar Nigam Food Safety Zone 03, Kamla Nagar, Agra']",Rs. 300,"Bakery, Fast Food",, 9am 10pm Mon Sn  ,[u'Kamla Nagar'],"3.7-(99),3.9-(3,421)",CakeHouse,[u'Quick Bites']
"[u' G-4, Cityamall, Pani Ki Tanki Road, Balkeshwar Colony, Kamla Nagar, Agra']",Rs. 500,"Chinese, North Indian",, 11am 11pm Mon Sn  ,[u'Kamla Nagar'],"4.0-(183),3.6-(2,010)",WhatTheFood,[u'Quick Bites']
"[u' Shop 1, Nehru Nagar, Near Shah Talkies, MG Road, Near Anjana Cinemas, Civil Lines, Agra']",Rs. 250,"Mithai, Street Food",, 10am 10pm Mon Sn  ,[u'Civil Lines'],"4.1-(234 Reviews),---",BirjbhogMishthanBhandar,[u'Quick Bites']
"[u' Hotel Amba Inn, 1/51 Delhi Gate, Raja Mandi, Station Road, Civil Lines, Agra']",Rs. 400,"North Indian, Rajasthani",, 12noon 4pm 6:30pm 10:30pm Mon Sn  ,[u'Civil Lines'],"4.2-(125),3.9-(163)",AnnjalRestaurant,[u'Casual Dining']
"[u' 150-A, Church Road, Defence Colony, Civil Lines, Agra, Uttar Pradesh']",Rs. 500,"Pizza, Fast Food, Bakery",TrendingThisWeek, 9am 11pm Mon Sn  ,[u'Civil Lines'],"4.0-(153),4.3-(827)",RatanPizza,"[u'Quick Bites,Bakery']"
"[u' D 2, Shopping Arcade, Sadar Bazaar, Agra Cantt, Agra']",Rs. 500,"Desserts, North Indian, South Indian, Chinese, Fast Food, Street Food",, 12noon 10:30pm Mon Te Wed Fri Sat Sn     ,[u'Agra Cantt'],"3.7-(106),3.9-(2,353)",BrijwasiSweetHouseRestaurant,[u'Casual Dining']
"[u' 2/199, Prem Bagh, Dayal Bagh, Agra']",Rs. 200,"North Indian, South Indian, Fast Food, Chinese",10offonallordersabove200, 11am 12midnight Mon Sn  ,[u'Dayal Bagh'],"4.2-(198),2.8-(137)",TasteOfTongue,[u'Quick Bites']
"[u' Sadar Bazar, Agra Cantt, Agra']",Rs. 300,Biryani,, 1pm 11pm Mon Sn  ,[u'Agra Cantt'],"4.1-(56 Reviews),---",TopkiBiryani,[]
"[u' B-27, Central Bank Road, Kamla Nagar, Agra']",Rs. 500,"North Indian, South Indian, Fast Food",, 12noon 11pm Mon Sn  ,[u'Kamla Nagar'],"3.8-(103),4.0-(4,105)",SriDaujisChatpataa,[u'Casual Dining']
"[u' Anjali Puram, Avadh Puri, Shahganj, Agra']",Rs. 300,"Mithai, Desserts",TrendingThisWeek, 8am 11:30pm Mon Sn  ,[u'Shahganj'],"3.8-(75),4.1-(6,483)",AgarwalSweetsDairy,[u'Dessert Parlor']
"[u' Karkunj road, kargil petrol pump sikandra Agra\n\n\n']",Rs. 200,North Indian,, 9am 12midnight Mon Sn  ,[u'Sikandra'],"3.6-(108),3.8-(2,471)",PanditBhojnalaya,[u'Bhojanalya']
"[u' Shop 13, Block 11, Shoe Market, Sanjay Place, Civil Lines, Agra']",Rs. 100,Healthy Food,, 8:15am 10:45pm Mon Sn  ,[u'Civil Lines'],"4.0-(102),3.9-(2,396)",Healthmafia,[u'Quick Bites']
"[u' UGF - 2, Vimal Plaza, 61 Surya Nagar, Opposite Civil Court Gate 4, Khandari, Agr']","Rs. 1,100",North Indian,, 11am 11:20pm Mon Sn  ,[u'Khandari'],"4.2-(142),4.2-(334)",SizzlingSalt,[u'Casual Dining']
"[u' Sanjay Place, Civil Lines, Agra']",Rs. 400,Fast Food,, 12noon 9:30pm Mon Sat  12noon 10pm Sn  ,[u'Civil Lines'],"3.7-(130),4.0-(434)",PotatoPlanet,[u'Quick Bites']
"[u' Padam Plaza, Sector 16 B, Sector 12, Avas Vikas Colony, Sikandra, Agra']",Rs. 100,Biryani,, 9am 6pm Mon Sn  ,[u'Sikandra'],"4.1-(3,179 Reviews),---",IcchaVegBiryani,[u'Kiosk']
"[u' Hotel Moti Palace, Dhakran Crossing, M G Road, Rakabganj, Agra']","Rs. 1,600",North Indian,BestBarsandPubsMustVisitRestaurantsInAgraBestIndianRestaurantsWahTaj, 12noon 12midnight Mon Sn  ,[u'Rakabganj'],"4.0-(126),4.3-(148)",DowntownCafe,"[u'Lounge,Bar']"
"[u' Shop 6, Grund Floor, Block 35/2, Sanjay Place, Civil Lines, Agra']",Rs. 500,"Beverages, Cafe, Sandwich, Fast Food, Desserts",, 9am 11pm Mon Sn  ,[u'Civil Lines'],"3.7-(137),4.0-(605)",CafeCoffeeDay,[u'Caf\xe9']
"[u' f-31, Professor Colony, Kamla Nagar, Agra']",Rs. 100,Bakery,, 11:30am 8:30pm Mon Sn  ,[u'Kamla Nagar'],"3.8-(104),4.3-(2,106)",DesireBakers,[u'Bakery']
"[u' Shop 1, Near Police Station, Avas Vikas, Sector 7, Sikandra, Agra']",Rs. 200,Biryani,, 8am 11pm Mon Sn  ,[u'Sikandra'],"3.9-(3,907 Reviews),---",MullaJiBriyaniRestaurant,[]
"[u' 11, 100 Feet Road, Adan Bagh Extension, Dayal Bagh, Agra']",Rs. 700,"North Indian, Chinese",, 12noon 10pm Mon Sn  ,[u'Dayal Bagh'],"3.9-(142),3.9-(2,427)",UP80,[u'Casual Dining']
"[u' Hotel Solitaire, M G Road, Hari Parbat, Civil Lines, Agra']",Rs. 600,"North Indian, South Indian, Chinese, Desserts, Beverages",, 9am 11pm Mon Sn  ,[u'Civil Lines'],"4.0-(136),4.0-(905)",HotelSolitaire,[u'Casual Dining']
"[u' Hotel Moti Palace, Dhakran Crossing, M G  Road, Rakabganj, Agra']","Rs. 1,000","North Indian, Chinese, Continental, South Indian",WahTajBestIndianRestaurantsMustVisitRestaurantsInAgra, 9am 11pm Mon Wed Th Fri Sat Sn  9am     ,[u'Rakabganj'],"4.0-(122),4.3-(829)",PankhuriRestaurant,[u'Casual Dining']
"[u' B8, Opposite Peoples Honda, Kamla Nagar, Agra']",Rs. 550,"South Indian, Chinese, North Indian",, 4pm 11pm Mon Sn  ,[u'Kamla Nagar'],"3.8-(126),3.9-(1,151)",SpicySpoon,[u'Casual Dining']
"[u' 37/186, Bindu Katra, Gwalior Road, Madhu Nagar, Rakabganj, Agra']",Rs. 200,"Pizza, Burger",, 11:30am 10:30pm Mon Sn  ,[u'Rakabganj'],"4.2-(2,240 Reviews),---",KingsPizzaAndBurger,[u'Quick Bites']
"[u' 145, Station Road, Delhi Gate, Raja Ki Mandi, Hariparwat, Professors Colony, Lohamandi, Civil Lines, Agra']","Rs. 1,000",North Indian,, 11am 11pm Mon Sn  ,[u'Civil Lines'],"4.1-(137),4.4-(1,136)",AshokaBar,[u'Bar']
"[u' Shop 3, 1st Floor, Icon Complex, Anna, Sikandra, Agra']",Rs. 400,"Fast Food, Beverages",, 10am 5:45pm Mon Sn  ,[u'Sikandra'],"3.8-(98),4.3-(419)",DECHENCAFELOUNGE,[u'Caf\xe9']
"[u' 14/1, 5/8, Block 14, Emporium, Sanjay Place, Zone 09, Civil Lines, Agra']",Rs. 600,"North Indian, South Indian, Chinese, Street Food, Fast Food, Beverages",, 10am 11:30pm Mon Sn  ,[u'Civil Lines'],"3.9-(105),4.1-(1,676)",RajRasoi,[u'Casual Dining']
"[u' Satkar Pastries, St Johns Crossing, Civil Lines, Agra']",Rs. 400,"Pizza, Desserts, Fast Food, Ice Cream",, 10am 11pm Mon Sn  ,[u'Civil Lines'],"3.6-(67),3.6-(314)",UnlimitedPizza,"[u'Dessert Parlor,Quick Bites']"
"[u' E-20, Shopping Arcade, Sadar Bazaar, Agra Cantt, Agra']",Rs. 700,"North Indian, Mughlai",, 11:30am 12midnight Mon Sn  ,[u'Agra Cantt'],"3.7-(101 Reviews),---",RangrezzRestaurant,[u'Casual Dining']
"[u' bindu katra Agra cant Agra, Agra Cantt, Agra']",Rs. 200,Street Food,20offonallordersabove299, 5:30am 10pm Mon  24Hors Te Sn  ,[u'Agra Cantt'],"4.0-(85),4.1-(1,095)",Agarwalchatbhandhar,[u'Quick Bites']
"[u' Plot 6, Church Road, Agra']","Rs. 1,600","Bakery, Desserts",, 12noon 10pm Mon Sn  ,[u'Civil Lines'],"4.3-(421 Reviews),---",CakeDor,[u'Bakery']
"[u' Crystal Sarovar Premiere, Fatehabad Road, Tajganj, Agra']","Rs. 1,000","North Indian, Continental",, 7pm 12midnight Mon Sn  ,"[u'Crystal Sarovar Premier, Tajganj']","3.7-(65 Reviews),---",SkyGrillCrystalSarovarPremiere,[u'Bar']
"[u' 55 A,  Diwani Crossing, Nehru Nagar, Civil Lines, Agra\n']",Rs. 650,"North Indian, Chinese, Fast Food, Mughlai",, 11am 11pm Mon Sn  ,[u'Civil Lines'],"3.8-(125),4.1-(1,170)",HariChatniRestaurant,[u'Casual Dining']
"[u' 132-KB, Sub Station, Shilp Gram Road, Taj Nagari, Phase 1, Tajganj, Agra']",Rs. 350,"Continental, North Indian, Chinese",, ,[u'Tajganj'],"2.8-(78 Reviews),---",TheDhabaCafe,[u'Quick Bites']
"[u' Mathura Road, Sikandra, Agra']",Rs. 500,"North Indian, Chinese, South Indian",, 12noon 2am Mon Sn  ,[u'Sikandra'],"4.0-(112),3.5-(525)",TandooriTaalCafe,[u'Quick Bites']
"[u' Kutta Park, South Gate Near Shahjahan Hotel, Tajganj, Agra']",Rs. 300,"Chinese, South Indian, North Indian, Fast Food, Desserts, Beverages",, 24Hors Mon Sn  ,[u'Tajganj'],"3.8-(77),3.1-(1,036)",LoveRestaurant,[u'Quick Bites']
"[u' Opposite Bijli Ghar, Mohamad Pur Chauraya, Shastripuram, Sikandra, Agra']",Rs. 250,"South Indian, Pizza, Chinese, Desserts",, 9am 11pm Mon Sn  ,[u'Sikandra'],"3.9-(87),4.4-(3,905)",NandaniRedCrystalRestaurant,[u'Quick Bites']
"[u' 83, Noor Enclave, Shamshabad Link Road, Tajnagri phase 1, Tajganj, Agra']",Rs. 500,"North Indian, Chinese, Italian",, 12noon 12midnight Mon Sn  ,[u'Tajganj'],"3.6-(65 Reviews),---",ThorThePartyWorld,[u'Lounge']
"[u' Delhi Gate, Railway Station Road, Raja Ki Mandi, Civil Lines, Agra']",Rs. 300,North Indian,, 10am 11pm Mon Sn  ,[u'Civil Lines'],"3.7-(61),4.2-(2,495)",DilliDarbar,[u'Quick Bites']
"[u' 1/119 B, Delhi Gate, Civil Lines, Agra']",Rs. 200,Bakery,, 11am 11pm Mon Sn  ,[u'Civil Lines'],"3.8-(79),3.8-(558)",DreamsBakersParadise,[u'Bakery']
"[u' Shop G-1, Below Avadh Banquet Hall, Sanjay Place, Civil Lines, Agra']",Rs. 400,"Ice Cream, Desserts, Beverages",, 11am 11pm Mon Sn  ,[u'Civil Lines'],"4.0-(75),3.5-(481)",KhaoGalli,[u'Dessert Parlor']
"[u' Shop 8, Janta Colony, Ram Nagar Ki Pulia, Shahganj, Agra']",Rs. 300,"Fast Food, Bakery",, 8:30am 11pm Mon Sn  ,[u'Shahganj'],"4.0-(109),4.5-(712)",JantaKhanaKhazana,[u'Quick Bites']
"[u' A-14, Pandey Nagar Crossing, Pratap Nagar, Shahganj, Agra']",Rs. 450,"North Indian, Fast Food",, 11am 11pm Mon Sn  ,[u'Shahganj'],"3.7-(105),4.3-(963)",BholeKonaGrill,[u'Quick Bites']
"[u' F-12, Kamla Nagar, Agra']",Rs. 150,Fast Food,, 11am 10pm Mon Sn  ,[u'Kamla Nagar'],"4.0-(1,636 Reviews),---",PradeepStore,[u'Quick Bites']
"[u' E-19 Shopping Arcade, Sadar Bazar, Agra Cantt, Agra']",Rs. 600,Cafe,, 11am 11pm Mon Sn  ,[u'Agra Cantt'],"3.7-(87 Reviews),---",HillsCafe,[u'Caf\xe9']
"[u' C-2/24, Kamla Nagar, Agra']",Rs. 500,"North Indian, South Indian, Continental",, 8am 11:30pm Mon Wed Th Fri Sat Sn  7pm    ,[u'Kamla Nagar'],"3.9-(106),3.5-(2,327)",SherEPunjabRestaurant,[u'Casual Dining']
"[u' MG Road, Sanjay Place, Opposite Income Tax Office, Civil Lines, Agra']",Rs. 800,"North Indian, Continental, Cafe",, 8am 12midnight Mon Sn  ,[u'Civil Lines'],"3.9-(71 Reviews),---",BlueCoriander,"[u'Casual Dining,Caf\xe9']"
"[u' C-11, Saurabh Enclave, Dayal Bagh, Agra']",Rs. 350,North Indian,, 5pm 11pm Mon Sn  ,[u'Dayal Bagh'],"4.0-(139),3.9-(1,204)",PunjabiSwag,[u'Quick Bites']
"[u' State Highway 39, Khwaja Ki Sarai, Near Petrol Pump, Idgah Colony, Agra Cantt, Agra']",Rs. 300,"North Indian, Chinese",, 9am 11pm Mon Sn  ,[u'Agra Cantt'],"3.8-(74),4.1-(2,805)",ShyamJiRestaurant,[u'Quick Bites']
[u' Delivery Only'],Rs. 400,"North Indian, Biryani",, 10am 10pm Mon Fri  Closed Sat Sn  ,[u'Civil Lines'],"3.5-(1,524 Reviews),---",UBQByBarbequeNation,[]
"[u' Sadar Bazaar, Taj Road, Agra Cantt, Agra']","Rs. 1,000","North Indian, Chinese, Continental, Mughlai",, 11am 11pm Mon Sn  ,[u'Agra Cantt'],"3.5-(97),4.1-(307)",TheParkRestaurant,[u'Casual Dining']
"[u' 2nd Floor, Ramada Plaza Agra, Ring Road Crossing, Fatehabad Road, Tajganj, Agra']","Rs. 2,500","North Indian, Mughlai",, 7pm 11pm Mon Sn  ,"[u'Ramada Plaza, Tajganj']","3.9-(48 Reviews),---",TurkoMughalRamadaPlaza,[u'Casual Dining']
"[u' 5/298, Topkhana Road, Nai Ki Mandi, Mantola, Agra']",Rs. 600,North Indian,, 10am 12midnight Mon Sn  ,[u'Mantola'],"4.0-(152),4.4-(225)",GalibRestaurant,"[u'Casual Dining,Quick Bites']"
"[u' 2/193/2 Hanuman Crossing, Ellora Complex, Khandari, Agra']",Rs. 250,"Desserts, Burger, Sandwich",, 11am 11pm Mon Sn  ,[u'Khandari'],"4.1-(118),3.5-(515)",TheCakeMakers,[u'Bakery']
"[u' 8/391 Hing Ki Mandi, Nagar Nigam, Food Safety Zone, Mantola, Agra']",Rs. 250,North Indian,, 12noon 12midnight Mon Sn  ,[u'Mantola'],"4.0-(1,172 Reviews),---",PapeDiHattiSardariLal,[u'Bhojanalya']
"[u' G-368, Valdev Nagar, TYC Phase-II']",Rs. 300,"Bakery, Fast Food",, 9am 11pm Mon Sn  ,[u'Kamla Nagar'],"3.7-(53),4.0-(2,219)",GoldyCoolCafeBakers,[u'Quick Bites']
"[u' Shop 9, Sadar Shopping Arcade, Sadar, Agra Cantt, Agra']",Rs. 250,Cafe,75offonallordersabove199, 12:30pm 2am Mon Sn  ,[u'Agra Cantt'],"3.9-(75),4.0-(437)",ARushCafe,[u'Caf\xe9']
[u' 50\\A TAJ ROAD AGRA'],Rs. 400,South Indian,, 11am 10:30pm Mon Wed Th Fri Sat Sn     ,[u'Agra Cantt'],"3.6-(90 Reviews),---",LakshmiVilas,[u'Casual Dining']
"[u' Hotel Jodha The Great Guru ka Taal Mathura Road, Sikandra, Agra']","Rs. 1,000","Mughlai, North Indian",, 11am 9pm Mon Sn  ,[u'Sikandra'],"3.8-(79),3.8-(815)",PindBalluchi,[u'Casual Dining']
"[u' TDI Mall, Fatehabad Road, Tajganj, Agra']","Rs. 1,100","North Indian, Chinese, Continental",, 11am 12midnight Mon Sn  ,[u'Tajganj'],"3.8-(77 Reviews),---",ClubRush,[u'Lounge']
"[u' Opposite Soami Bagh, Dayal Bagh Road, Dayal Bagh, Agra']",Rs. 650,"North Indian, South Indian, Chinese, Fast Food",, 9:30am 10:30pm Mon Sn  ,[u'Dayal Bagh'],"3.5-(83),4.0-(567)",RSSweetsRestaurant,[u'Casual Dining']
"[u' Chaat Gali, Sadar Bazaar, Agra Cantt, Agra']",Rs. 500,"Chinese, Fast Food",, 12noon 11pm Mon Sn  ,[u'Agra Cantt'],"3.5-(98),4.3-(641)",Munchies,[u'Quick Bites']
"[u' Near Sharda Complex infront of Kargil Petrol Pump, Sikandra, Agra']",Rs. 150,North Indian,, 10am 11pm Mon Sn  ,[u'Sikandra'],"3.8-(72),4.4-(1,935)",GuptaJiDhabaVegBriyani,[u'Dhaba']
"[u' G9, Narain Tower, ground floor Sanjay Palace , Civil Lines, Agra']",Rs. 200,"North Indian, Fast Food, Street Food, Tea, Coffee, Beverages",, 11am 11pm Mon Sn  ,[u'Civil Lines'],"3.9-(56),3.7-(193)",TeaCoffeeAndSnacks,[u'Quick Bites']
"[u' 2/207B, Surya Nagar Crossing, M.G Road, Civil Lines, Agra']","Rs. 1,400","North Indian, Chinese",BestBarsandPubs, 1pm 1am Mon Sn  ,[u'Civil Lines'],"3.9-(107 Reviews),---",FolksPub,[u'Pub']
"[u"" Delhi Gate, Station Road, Near Moon's Lite Raja Mandi, Civil Lines, Agra""]",Rs. 200,North Indian,, 10:30am 11:30pm Mon Sn  ,[u'Civil Lines'],"4.1-(142 Reviews),---",YadavDhaba,[u'Dhaba']
"[u' VIP Office, Sadar Bazaar, Agra Cantt, Agra']",Rs. 300,Fast Food,, 11:30am 10:30pm Mon Sn  ,[u'Agra Cantt'],"3.8-(109 Reviews),---",LovelyBakeryAndRestaurant,[u'Quick Bites']
"[u' P 13, Farehabad Road, Opposite Shanti Manglik Hospital, Taj Nagri Phase 1, Tajganj, Agra']",Rs. 800,"North Indian, Rajasthani, Gujarati",, 12noon 4pm 7pm 12midnight Mon Sn  ,[u'Tajganj'],"4.1-(90),3.6-(272)",TheGrandGopikaThaal,[u'Casual Dining']
"[u' F-Block, Professor Colony, Kamla Nagar, Agra']",Rs. 200,Indian,, 11am 11pm Mon Sn  ,[u'Kamla Nagar'],"3.5-(48),3.2-(2,542)",ThakurJiThaliwala,[u'Quick Bites']
"[u' Saudagar Lines, Chat Gali,Sadar Bazaar, Agra Cantt, Agra']",Rs. 400,"North Indian, South Indian",, 12:01pm 5:30pm 7pm 10:45pm Mon Te Th    ,[u'Agra Cantt'],"3.6-(88),4.2-(270)",OmRestaurant,[u'Quick Bites']
"[u' 2/107, Opposite Soami Bagh, Dayal Bagh Road, Dayal Bagh, Agra']",Rs. 100,Bakery,, 11am 10pm Mon Sn  ,[u'Dayal Bagh'],"4.0-(1,398 Reviews),---",Preetam,[u'Quick Bites']
"[u' Opp. Income Tax Office, Near Aahar Restaurant , Sanjay Place, Civil Lines, Agra.\n']",Rs. 200,North Indian,, 9am 5:30pm Mon Sat  Closed Sn  ,[u'Civil Lines'],"3.9-(74),4.2-(1,179)",RestaurantNukkar,[u'Casual Dining']
"[u' Shop 1, Meher Complex, Baluganj, Rakabganj, Agra']",Rs. 200,"Bakery, Desserts",, 10am 10pm Mon Sn  ,[u'Rakabganj'],"4.1-(1,284 Reviews),---",fnpCakesnMore,[u'Bakery']
"[u' 13, Opposite Dena Bank, Mahaveer Market, Delhi Gate, Civil Lines, Agra']",Rs. 500,"North Indian, Mughlai",, 11am 11pm Mon Sn  ,[u'Civil Lines'],"2.6-(47),3.2-(1,269)",TundaKababi,[u'Casual Dining']
"[u' 44/325 K-1 Opposite V.S Complex, Lohamandi Road, Bodla, Agra ']",Rs. 250,"South Indian, Street Food",, 5pm 11pm Mon Sn  ,[u'Khandari'],"3.5-(78),3.9-(839)",BalajiDosaFactory,[u'Food Truck']
"[u' Chhalesar Railway Station, National Highway 2, Kuberpur, Agra']",Rs. 400,North Indian,, 8am 11:30pm Mon Sn  ,[u'Kuberpur'],"4.0-(131 Reviews),---",RajRasoi,[u'Casual Dining']
"[u' Balkeshwar Colony, Bansal Market, Near I.T.I College, Balkeshwar, Kamla Nagar, Agra']",Rs. 150,"Mithai, Street Food",20offonyourfirstorder, 6am 10pm Mon Sn  ,[u'Kamla Nagar'],"4.0-(3,285 Reviews),---",ShriThakurJiMisthanBhandar,[u'Sweet Shop']
"[u' Pratappura Crossing, M.G.Road, Rakabganj, Agra']",Rs. 600,"North Indian, South Indian, Chinese",AllDayDining, 7:30am 3am Mon Sn  ,[u'Rakabganj'],"3.8-(61),3.8-(546)",SpiceKitchenTheSizzlingMultiCuisineRestaurant,[u'Casual Dining']
"[u' Jaypee Palace Hotel, Fatehabad Road, Tajganj, Agra']","Rs. 2,500",Chinese,Luxury Dining, 12noon 3pm 7:30pm 11:30pm Mon Sn  ,"[u'Jaypee Palace Hotel, Tajganj']","4.1-(93 Reviews),---",CestChineJaypeePalaceHotel,[u'Fine Dining']
[u' 1430/1 basai mustkil Fatehabad road Taj ganj Agra '],Rs. 500,"North Indian, Chinese, Fast Food", , 12noon 12midnight Mon Sn  ,[u'Tajganj'],"3.7-(77),3.5-(2,226)",FoodStockXchange,[u'Casual Dining']
"[u' Sarai Khwaja, Kheria Mod, Agra Cantt, Agra']",Rs. 200,"Fast Food, Desserts", , 9am 11pm Mon Wed Th Sat Sn  9pm 11pm    ,[u'Agra Cantt'],"3.5-(68),4.1-(1,732)",ShivamRestaurant,[u'Quick Bites']
"[u' 6/107,Thana Nai  Ki Mandi, Bada Galib Pura, Mantola, Agra']",Rs. 200,North Indian, , 5pm 2am Mon Sn  ,[u'Mantola'],"3.9-(87),3.7-(2,307)",HajiJiRestaurant,[u'Quick Bites']
"[u' B Block, Central Bank Road, Opposite Sumit Rahul School, Kamla Nagar, Agra']",Rs. 500,Cafe, , 12:30pm 11pm Mon Sn  ,[u'Kamla Nagar'],"3.6-(61),3.9-(38)",BrothersBistro,[u'Caf\xe9']
"[u' 147 Manas Nagar, Shahganj, Agra']",Rs. 150,"Fast Food, Italian", , 10:30am 12:30pm Mon Sn  ,[u'Shahganj'],"3.8-(57),4.3-(629)",VSMaggiePoint,[u'Quick Bites']
"[u' Howard Plaza-The Fern, Fatehabad Road, Agra']","Rs. 1,500","Cafe, Chinese, Continental, Indian", , 6pm 12:30am Mon Fri  1pm 12:30am Sat Sn  ,[u'Tajganj'],"3.6-(50 Reviews),---",Glassy,"[u'Caf\xe9,Lounge']"
"[u' Near Ajanta Sweets, Nani Studio, Kamla Nagar, Agra']",Rs. 200,North Indian, , 6pm 11pm Mon Sn  ,[u'Kamla Nagar'],"3.9-(758 Reviews),---",DRFoodPlaza,[u'Quick Bites']
"[u' Opposite ITC Mughal, Fatehabad Road, Tajganj, Agra']",Rs. 400,"Cafe, Chinese, Continental", , 9am 11:30pm Mon Sn  ,[u'Tajganj'],"3.9-(78),3.7-(887)",HungerPointCafeandBakers,"[u'Quick Bites,Caf\xe9']"
"[u' F 360/1, Under Ground 2, Singhal Square Kamla Nagar, Agra']",Rs. 200,"Beverages, Fast Food", , 11am 10:15pm Mon Sn  ,[u'Kamla Nagar'],"3.9-(80),3.9-(29)",Shayhub,"[u'Quick Bites,Beverage Shop']"
"[u' TP Nagar ISBT, Sikandra, Agra']",Rs. 200,North Indian, , 10am 11pm Mon Sn  ,[u'Sikandra'],"4.1-(92),4.1-(2,458)",ShivBhojnalaya,[u'Quick Bites']
[u' khasra no 145 albatiya shahganj agra '],Rs. 200,"Fast Food, North Indian", , 11am 11pm Mon Sn  ,[u'Shahganj'],"3.4-(74),4.1-(2,350)",BajrangRestaurantAndDairy,[u'Quick Bites']
"[u' 1st Floor, Arvind Innov 8, Opposite Hotel Trident, Tajganj, Agra']",Rs. 800,"North Indian, South Indian, European, Chinese, Italian", , 12noon 11pm Mon Sn  ,[u'Tajganj'],"3.9-(48),3.7-(99)",CulinaryJunctionByUdupi,[u'Casual Dining']
"[u' Shop number 13-4, Sector 12A, Satyam Complex, Awas Vikash Colony, Sikandra, Agra, Agra']",Rs. 600,"North Indian, Chinese", , 12noon 10:50pm Mon Sn  ,[u'Sikandra'],"3.8-(66),4.0-(739)",DsFamilyRestaurant,[u'Casual Dining']
"[u' Near Labbaik Chicken Corner, Civil Lines']",Rs. 250,North Indian, , 11am 10pm Mon Sn  ,[u'Civil Lines'],"3.8-(58),4.1-(796)",AmritsariTandooriKulchaWaChoorChoorNaan,[u'Quick Bites']
"[u' Shop 14, Ground Floor, Block 34, Sanjay Place, Nagar Nigam, Civil Lines, Agra']",Rs. 400,"Cafe, Burger, Sandwich, Fast Food, Beverages, Desserts", , 10am 8pm Mon Sn  ,[u'Civil Lines'],"3.7-(88),4.1-(298)",BlackHorse,[u'Caf\xe9']
"[u' Trident Hotel, Fatehabad Road, Tajganj, Agra']","Rs. 2,000","North Indian, Chinese, Continental",All Day Dining, 6am 10:30pm Mon Sn  ,"[u'Trident Hotel, Tajganj']","4.0-(61 Reviews),---",TheRestaurantTridentHotel,[u'Fine Dining']
"[u' B-186, Central Bank Road, Kamla Nagar, Agra']","Rs. 1,000",North Indian, , 24Hors Mon Sn  ,[u'Kamla Nagar'],"3.9-(125 Reviews),---",ParklaneHotelRestaurant,[u'Casual Dining']
"[u' Carriappa Road, Baluganj, Agra']",Rs. 500,"North Indian, South Indian, Chinese, Continental",Trending This Week, 11am 6pm Mon Fri  12noon 9pm Sat Sn  ,[u'Rakabganj'],"3.4-(65),3.9-(90)",TheGreensRestaurantHerbalCafe,[u'Casual Dining']
"[u' UG-4, Singhal Square, Near Tej Nagar Crossing, Kamla Nagar, Agra']",Rs. 600,"Bakery, Continental", , 11am 11pm Mon Wed Th Fri Sat Sn  11am    ,[u'Kamla Nagar'],"3.8-(68),4.2-(842)",Kings,[u'Quick Bites']
"[u' 41/1, Tota Ka Taal, Lohamandi, Agra']",Rs. 300,"Fast Food, Bakery", , 9am 10pm Mon Sn  ,[u'Lohamandi'],"4.0-(1,110 Reviews),---",VaishnoBakery,"[u'Quick Bites,Bakery']"
"[u' Shaheed Nagar, Tajganj, Agra']",Rs. 500,"Biryani, Mughlai, Kebab", , 9am 12midnight Mon Sn  ,[u'Tajganj'],"4.0-(117 Reviews),---",Aleem,[u'Quick Bites']
"[u' Ground Floor, Maa Vaishnav Complex, 80ft Road, Opposite Bhawna Estate Gate, Sikandra, Agra']",Rs. 200,Fast Food, , 1pm 11pm Mon Wed Th Fri Sat Sn  Closed    ,[u'Sikandra'],"3.8-(86),4.0-(1,500)",HungrillCafeRestaurant,[u'Quick Bites']
"[u' Hotel Amar, Tourist Complex Area, Fatehabad Road, Tajganj, Agra']",Rs. 900,"North Indian, Chinese, Continental, South Indian",Best Bars and Pubs  All Day Dining, 6am 11pm Mon Sn  ,"[u'Hotel Amar, Tajganj']","3.3-(68),4.1-(403)",HotelAmarNoorjahanRestaurant,"[u'Casual Dining,Bar']"
"[u' Opposite Soami Bagh Temple, Dayal Bagh, Agra']",Rs. 400,"North Indian, Chinese", , 10:30am 10:30pm Mon Sn  ,[u'Dayal Bagh'],"3.7-(91),3.9-(2,532)",NeelamRestaurant,[u'Dhaba']
"[u' D-501, Kamla Nagar, Agra']",Rs. 100,"Desserts, Mithai", , 7am 11pm Mon Sn  ,[u'Kamla Nagar'],"3.5-(65),4.3-(949)",SriDaujiRestaurant,[u'Dessert Parlor']
"[u' Shop 103, Ground Floor, Block No. 43/2 Sanjay Place, Agra']",Rs. 400,North Indian, , 12:30pm 10:30pm Mon Sn  ,[u'Civil Lines'],"3.9-(95),4.1-(106)",AwadhiFoods,[u'Quick Bites']
"[u' 8/74, Hing Ki Mandi, Mantola, Agra']",Rs. 200,Fast Food, , 11am 11pm Mon Sn  ,[u'Mantola'],"3.9-(73),4.5-(402)",PapeKaDhabha,[u'Quick Bites']
"[u' Shop 4 Shiv Market, 100 Feet Road, Dayal Bagh, Agra']",Rs. 300,"Wraps, Burger, Fast Food",                                                                                           20  off on all orders above  149                                          , 10am 10:30pm Mon Sn  ,[u'Dayal Bagh'],"3.9-(83),3.7-(751)",DaddysBurgerBar,[u'Quick Bites']
"[u' Plot 1374 & 1375, Dinesh Nagar,\n Near ITC Mughal Hotel Fatehabad, Tajganj, Agra']",Rs. 800,"Chinese, Seafood", ,   20 offonallordersabove 499  ,[u'Tajganj'],"3.3-(58),3.8-(168)",GoldenChinaRestaurant,[u'Casual Dining']
"[u' Tajmahal South Gate, Kutta Park, Tajganj, Agra']",Rs. 400,North Indian, , 8am 12midnight Mon Sn  ,[u'Tajganj'],"3.7-(56),3.4-(776)",LovelyRestaurant,[u'Quick Bites']
"[u' TP Nagar, ISBT, Sikandra, Agra']",Rs. 200,North Indian, , 10am 10pm Mon Sn  ,[u'Sikandra'],"2.6-(61),3.6-(2,422)",ShivaBhojhnalaya,[u'Quick Bites']
"[u' Opposite Sanjay Cinema, Mahatma Gandhi Road, Wazirpura Road, Sanjay Palace, Civil Lines, Agra']",Rs. 300,"Bakery, Desserts, Fast Food", , 10am 11pm Mon Sn  ,[u'Civil Lines'],"3.6-(52),4.1-(1,383)",EuropeanBakery,[u'Bakery']
"[u' A-150, Taj Nagri Phase 2, Tajganj, Agra']","Rs. 1,150","North Indian, Chinese, Continental", , 9am 9:30pm Mon Sn  ,[u'Tajganj'],"3.7-(61),3.9-(145)",MughalSpice,[u'Casual Dining']
"[u' Suresh Plaza M.G.Road, Agra, ']",Rs. 500,"Chinese, Street Food", , 12:30pm 10:45pm Mon Sn  ,[u'Civil Lines'],"3.9-(81),3.8-(148)",BhagatFoodCourt,[u'Quick Bites']
"[u' 1, Ashok Vihar, 100 Feet Road, Near Amar Vihar Police Chowki, Dayal Bagh, Agra']",Rs. 150,North Indian, , 8am 12midnight Mon Sn  ,[u'Dayal Bagh'],"3.8-(86),4.3-(1,276)",GyaniDhaba,[u'Dhaba']
"[u' 8 Handicraft Nagar, Fatehabad Road, Tajganj, Agra']",Rs. 500,Cafe, , 10am 10pm Mon Sn  ,[u'Tajganj'],"3.9-(73 Reviews),---",CostaCoffee,[u'Caf\xe9']
"[u' Near Balkeshwar Mahadev Road, Kamla Nagar, Agra']",Rs. 250,Bakery,                                                                                           20  off on all orders above  299                                          , 11am 10pm Mon Sn  ,[u'Kamla Nagar'],"3.9-(52),4.1-(1,531)",BhaagyaShreeRestaurant,[u'Bakery']
"[u' Taj Nagari Phase-1, Telipara, Tajganj, Agra']",Rs. 350,"Fast Food, Continental, North Indian, Chinese, Biryani, Pizza", , 8am 12midnight Mon Sn  ,[u'Tajganj'],"3.4-(77),3.8-(1,907)",ChefSignature,[u'Quick Bites']
"[u' 11/41C, Link Road, Sita Nagar, Nagar Nigam, Food Safety Zone 15, Kamla Nagar, Agra']",Rs. 200,North Indian, , 12noon 12midnight Mon Sn  ,[u'Kamla Nagar'],"4.0-(2,343 Reviews),---",MsGuruMahimaShudhShakariBhojnalay,[u'Bhojanalya']
"[u' Hotel Orange, Pratappura Crossing, Rakabganj']","Rs. 1,500","North Indian, Continental, Fast Food, Chinese", , 7am 11:45pm Mon Sn  ,[u'Rakabganj'],"4.2-(83),3.8-(105)",Noosh,[u'Casual Dining']
"[u' 11/5, Sabun Katra, Opposite Kali Masjid, Mantola, Agra']",Rs. 200,"North Indian, Biryani",                                                                                           30  off on all orders above  200                                          , 1pm 11pm Mon Sn  ,[u'Mantola'],"3.6-(630 Reviews),---",KhaoPulaaoEatingPoint,[u'Quick Bites']
"[u' Shop 23/453, K-3 Market, Wazirpura Road, Civil Lines, Agra']",Rs. 200,"Momos, Chinese, Korean", , 4pm 11pm Mon Sn  ,[u'Civil Lines'],"3.6-(498 Reviews),---",OhoMomo,[u'Kiosk']
"[u' Near Allahabad Bank, Kamla Nagar, Agra']",Rs. 200,North Indian, , 5pm 11pm Mon Sn  ,[u'Kamla Nagar'],"3.6-(1,111 Reviews),---",BabuNonVegPunjabiTadka,[]
"[u' Sanjay Place, Civil Lines, Agra']",Rs. 100,Fast Food, , 12noon 10pm Mon Sn  ,[u'Civil Lines'],"4.1-(1,022 Reviews),---",JacksonEggCorner,[u'Quick Bites']
"[u' 2022-2025, Mauza Basai Mustkil, Tajnagri Phase - II, Fatehabad Road, Tajganj, Agra']","Rs. 1,000","North Indian, Continental, Chinese, Cafe",AllDayDining, 24Hors Mon Sn  ,"[u'Crystal Sarovar Premier, Tajganj']","3.8-(65 Reviews),---",LatticeCrystalSarovarPremiere,"[u'Casual Dining,Caf\xe9']"
"[u' B 190, Shop Number.1, Shree Ram Complex, Main Market, Kamla Nagar, Agra']",Rs. 500,Bakery,, 10:30am 10:30pm Mon Sn  ,[u'Kamla Nagar'],"3.7-(35),4.1-(605)",CakeMore,[u'Quick Bites']
"[u' Wah Samosa, Shop No. 2, Gur Ki Mandi, Hospital Road, Agra, Nagar Nigam, Food Safety Zone 14, Agra']",Rs. 50,Street Food,, 12noon 9pm Mon Sn  ,[u'Mantola'],"4.0-(462 Reviews),---",WahSamosa,[u'Quick Bites']
"[u' Taj Nagari, Fatehabad Rd, Basai Khurd, Tajganj, Agra']","Rs. 1,200","Mughlai, Kebab",, 12noon 11pm Mon Sn  ,[u'Tajganj'],"3.7-(84 Reviews),---",Karims,[u'Quick Bites']
"[u' 9 / 674 / 8, 9, Moti Katra, Mantola, Agra']",Rs. 200,Mithai,, 8am 10:30pm Mon Sn  ,[u'Mantola'],"4.2-(1,124 Reviews),---",ShreeBankeyBihariSweet,[u'Sweet Shop']
"[u' The Oberoi Amarvilas, Taj East Gate Road, Fatehabad Road, Tajganj, Agra']","Rs. 6,000",North Indian,, 6:30pm 9pm 9pm 10:45pm Mon Sn  ,"[u'The Oberoi Amarvilas, Tajganj']","4.0-(42 Reviews),---",EsphahanTheOberoiAmarvilas,[u'Fine Dining']
"[u' 16/2, Radha Krishna Complex, Ghatiya Aazam Kha Chauraha, Civil Lines, Agra']",Rs. 200,Bakery,, 10:30am 12:15am Mon Sn  ,[u'Civil Lines'],"3.6-(783 Reviews),---",BhagwanCornerCakesAndPastries,[u'Bakery']
"[u' Jaypee Palace Hotel, Fatehabad Road, Tajganj, Agra']","Rs. 2,000","North Indian, Continental",, 7am 10am 12:30pm 3pm 7:30pm 11pm    ,"[u'Jaypee Palace Hotel, Tajganj']","3.9-(61 Reviews),---",TheGrandBuffetJaypeePalaceHotel,[u'Fine Dining']
"[u' Hari Parvat Crossing, MG Road, Civil Lines, Agra']",Rs. 400,Mithai,,  Mon Sn  ,[u'Civil Lines'],"4.3-(1,427 Reviews),---",PanchhiPetha,[u'Sweet Shop']
[u' Khandai crossing\n'],Rs. 200,"Rajasthani, North Indian",, 12noon 10pm Mon Sn  ,[u'Sikandra'],"2.8-(34),3.9-(1,397)",ChokiDhaniRajasthaniBhojnalya,[u'Quick Bites']
"[u' 20/19, Sir Ki Mandi, Jaipur House, Shahganj, Agra']",Rs. 100,"Mithai, Street Food",, 9am 10pm Mon Sn  ,[u'Shahganj'],"3.7-(61),3.9-(41)",BansalSweets,"[u'Sweet Shop,Quick Bites']"
"[u' 20/214, Khandelwal Bhawan, Opposite Jaipur House, Shahganj, Agra']",Rs. 200,North Indian,, 8am 10pm Mon Sn  ,[u'Shahganj'],"3.7-(675 Reviews),---",Cuisinesia,[u'Quick Bites']
"[u' Sadar Bazar, Idgah Colony, Agra Cantt, Agra']",Rs. 300,"Desserts, Ice Cream",, 12noon 12midnight Mon Sn  ,[u'Agra Cantt'],"3.8-(57),4.4-(788)",GianiIceCream,[u'Dessert Parlor']
"[u' Sector 11, Nera Karkunj Chowrah, Sikandra, Agra']",Rs. 100,Burger,, 10:30am 10:30pm Mon Sn  ,[u'Sikandra'],"4.3-(754 Reviews),---",CrazyBurger,[u'Quick Bites']
"[u' Saudagar Road, Sadar Bazar, Idgah Colony, Agra Cantt, Agra']",Rs. 200,"Ice Cream, Desserts, Beverages",, 11am 11pm Mon Sn  ,[u'Agra Cantt'],"3.7-(1,357 Reviews),---",FaludaCorner,[u'Dessert Parlor']
